{"cameraMode":{"drawMode":0,"name":"Shaded","section":"Shading Mode"},"sceneLighting":false,"audioPlay":false,"sceneViewState":{"m_AlwaysRefresh":false,"showFog":true,"showSkybox":false,"showFlares":true,"showImageEffects":true,"showParticleSystems":true,"showVisualEffectGraphs":true,"m_FxEnabled":true},"in2DMode":false,"pivot":{"x":0.022014349699020387,"y":-0.02992851287126541,"z":-0.008226484060287476},"rotation":{"x":-0.07480437308549881,"y":-0.05800861120223999,"z":0.004351928364485502,"w":-0.9955140948295593},"size":0.3562670350074768,"orthographic":false}