{"cameraMode":{"drawMode":0,"name":"Shaded","section":"Shading Mode"},"sceneLighting":false,"audioPlay":false,"sceneViewState":{"m_AlwaysRefresh":false,"showFog":true,"showSkybox":false,"showFlares":true,"showImageEffects":true,"showParticleSystems":true,"showVisualEffectGraphs":true,"m_FxEnabled":true},"in2DMode":false,"pivot":{"x":2.1819655895233156,"y":3.490000009536743,"z":2.893415927886963},"rotation":{"x":-0.07937897741794586,"y":-0.031101049855351449,"z":0.0024681154172867538,"w":-0.9963681101799011},"size":2.1293113231658937,"orthographic":false}